<?xml version="1.0" encoding="UTF-8"?><ValueSet xmlns="http://hl7.org/fhir"><id value="Space-Adaptation-Bone-Health"/><text><status value="generated"/><div xmlns="http://www.w3.org/1999/xhtml"><p class="res-header-id"><b>Generated Narrative: ValueSet Space-Adaptation-Bone-Health</b></p><a name="Space-Adaptation-Bone-Health"> </a><a name="hcSpace-Adaptation-Bone-Health"> </a><a name="Space-Adaptation-Bone-Health-en-US"> </a><ul><li>Include these codes as defined in <a href="http://www.snomed.org/"><code>http://snomed.info/sct</code></a><table class="none"><tr><td style="white-space:nowrap"><b>Code</b></td><td><b>Display</b></td></tr><tr><td><a href="http://snomed.info/id/20199007">20199007</a></td><td>Bone mineral density (BMD) below expected range for age</td></tr><tr><td><a href="http://snomed.info/id/86198006">86198006</a></td><td>Deconditioning of musculoskeletal system</td></tr><tr><td><a href="http://snomed.info/id/89348000">89348000</a></td><td>Increased bone resorption</td></tr><tr><td><a href="http://snomed.info/id/52910005">52910005</a></td><td>Hypocalcemia</td></tr><tr><td><a href="http://snomed.info/id/73359002">73359002</a></td><td>Exposure to weightlessness</td></tr><tr><td><a href="http://snomed.info/id/89134000">89134000</a></td><td>Long term skeletal complication</td></tr><tr><td><a href="http://snomed.info/id/10141000122103">10141000122103</a></td><td>Bone marrow cellularity abnormal</td></tr><tr><td><a href="http://snomed.info/id/102200004">102200004</a></td><td>Endocrine function of bone</td></tr><tr><td><a href="http://snomed.info/id/18286008">18286008</a></td><td>Rehabilitation procedure</td></tr><tr><td><a href="http://snomed.info/id/101430000">101430000</a></td><td>Bone strength improvement</td></tr></table></li></ul></div></text><url value="https://mitre.org/fhir/space-health/ValueSet/Space-Adaptation-Bone-Health"/><version value="0.3.0"/><name value="Space_Adaptation_Bone_Health"/><title value="Adaptations of Bone Health in Space"/><status value="draft"/><date value="2025-05-05T10:49:38-04:00"/><publisher value="MITRE"/><contact><name value="MITRE"/><telecom><system value="url"/><value value="https://www.mitre.org/"/></telecom></contact><description value="SNOMED CT concepts related to bone health adaptations observed in spaceflight conditions."/><compose><include><system value="http://snomed.info/sct"/><concept><code value="20199007"/><display value="Bone mineral density (BMD) below expected range for age"/></concept><concept><code value="86198006"/><display value="Deconditioning of musculoskeletal system"/></concept><concept><code value="89348000"/><display value="Increased bone resorption"/></concept><concept><code value="52910005"/><display value="Hypocalcemia"/></concept><concept><code value="73359002"/><display value="Exposure to weightlessness"/></concept><concept><code value="89134000"/><display value="Long term skeletal complication"/></concept><concept><code value="10141000122103"/><display value="Bone marrow cellularity abnormal"/></concept><concept><code value="102200004"/><display value="Endocrine function of bone"/></concept><concept><code value="18286008"/><display value="Rehabilitation procedure"/></concept><concept><code value="101430000"/><display value="Bone strength improvement"/></concept></include></compose></ValueSet>