<?xml version="1.0" encoding="UTF-8"?>

<Patient xmlns="http://hl7.org/fhir">
  <id value="janeway"/>
  <meta>
    <profile value="https://mitre.org/fhir/space-health/StructureDefinition/Astronaut"/>
  </meta>
  <text>
    <status value="generated"/><div xmlns="http://www.w3.org/1999/xhtml"><p class="res-header-id"><b>Generated Narrative: Patient janeway</b></p><a name="janeway"> </a><a name="hcjaneway"> </a><a name="janeway-en-US"> </a><div style="display: inline-block; background-color: #d9e0e7; padding: 6px; margin: 4px; border: 1px solid #8da1b4; border-radius: 5px; line-height: 60%"><p style="margin-bottom: 0px"/><p style="margin-bottom: 0px">Profile: <a href="StructureDefinition-Astronaut.html">Astronaut</a></p></div><p style="border: 1px #661aff solid; background-color: #e6e6ff; padding: 10px;">Catherine Janeway  (no stated gender), DoB Unknown</p><hr/></div>
  </text>
  <name>
    <family value="Janeway"/>
    <given value="Catherine"/>
  </name>
</Patient>