{
  "resourceType" : "Bundle",
  "id" : "9c64ef9d-a7dc-432e-84ed-c3832a1ec59b",
  "meta" : {
    "lastUpdated" : "2025-05-05T10:50:18.822-04:00"
  },
  "type" : "collection",
  "entry" : [{
    "fullUrl" : "https://mitre.org/fhir/space-health/ValueSet/AircraftFumeExposureValueSet",
    "resource" : {
      "resourceType" : "ValueSet",
      "text" : {
        "status" : "generated",
        "div" : "<div xmlns=\"http://www.w3.org/1999/xhtml\"><p class=\"res-header-id\"><b>ValueSet </b></p><p style=\"border: black 1px dotted; background-color: #EEEEEE; padding: 8px; margin-bottom: 8px\">Expansion from tx.fhir.org based on SNOMED CT International edition 01-Feb 2025</p><p>This value set contains 20 concepts</p><table class=\"codes\"><tr><td style=\"white-space:nowrap\"><b>Code</b></td><td><b>System</b></td><td><b>Display (en-US)</b></td><td><b>Inactive</b></td></tr><tr><td style=\"white-space:nowrap\"><a name=\"x-http://snomed.info/sct-36179005\"> </a>\u00a0\u00a0<a href=\"http://snomed.info/id/36179005\">36179005</a></td><td>http://snomed.info/sct</td><td>R.I.N.D. syndrome</td><td/></tr><tr><td style=\"white-space:nowrap\"><a name=\"x-http://snomed.info/sct-255736001\"> </a>\u00a0\u00a0<a href=\"http://snomed.info/id/255736001\">255736001</a></td><td>http://snomed.info/sct</td><td>Fume</td><td>inactive</td></tr><tr><td style=\"white-space:nowrap\"><a name=\"x-http://snomed.info/sct-102413006\"> </a>\u00a0\u00a0<a href=\"http://snomed.info/id/102413006\">102413006</a></td><td>http://snomed.info/sct</td><td>Air pollution</td><td/></tr><tr><td style=\"white-space:nowrap\"><a name=\"x-http://snomed.info/sct-139607007\"> </a>\u00a0\u00a0<a href=\"http://snomed.info/id/139607007\">139607007</a></td><td>http://snomed.info/sct</td><td>Transient neurological symptoms</td><td>inactive</td></tr><tr><td style=\"white-space:nowrap\"><a name=\"x-http://snomed.info/sct-139175004\"> </a>\u00a0\u00a0<a href=\"http://snomed.info/id/139175004\">139175004</a></td><td>http://snomed.info/sct</td><td>Respiratory symptoms</td><td>inactive</td></tr><tr><td style=\"white-space:nowrap\"><a name=\"x-http://snomed.info/sct-161964009\"> </a>\u00a0\u00a0<a href=\"http://snomed.info/id/161964009\">161964009</a></td><td>http://snomed.info/sct</td><td>Cardiovascular symptoms (&amp; [heart])</td><td>inactive</td></tr><tr><td style=\"white-space:nowrap\"><a name=\"x-http://snomed.info/sct-66813007\"> </a>\u00a0\u00a0<a href=\"http://snomed.info/id/66813007\">66813007</a></td><td>http://snomed.info/sct</td><td>Virus-like particles</td><td/></tr><tr><td style=\"white-space:nowrap\"><a name=\"x-http://snomed.info/sct-50352000\"> </a>\u00a0\u00a0<a href=\"http://snomed.info/id/50352000\">50352000</a></td><td>http://snomed.info/sct</td><td>Organic phosphorus compound</td><td/></tr><tr><td style=\"white-space:nowrap\"><a name=\"x-http://snomed.info/sct-262459003\"> </a>\u00a0\u00a0<a href=\"http://snomed.info/id/262459003\">262459003</a></td><td>http://snomed.info/sct</td><td>Low dose</td><td/></tr><tr><td style=\"white-space:nowrap\"><a name=\"x-http://snomed.info/sct-272158000\"> </a>\u00a0\u00a0<a href=\"http://snomed.info/id/272158000\">272158000</a></td><td>http://snomed.info/sct</td><td>Organic compounds A-C</td><td/></tr><tr><td style=\"white-space:nowrap\"><a name=\"x-http://snomed.info/sct-80216008\"> </a>\u00a0\u00a0<a href=\"http://snomed.info/id/80216008\">80216008</a></td><td>http://snomed.info/sct</td><td>Cognitive disturbance</td><td>inactive</td></tr><tr><td style=\"white-space:nowrap\"><a name=\"x-http://snomed.info/sct-19466003\"> </a>\u00a0\u00a0<a href=\"http://snomed.info/id/19466003\">19466003</a></td><td>http://snomed.info/sct</td><td>Neurotoxicity</td><td/></tr><tr><td style=\"white-space:nowrap\"><a name=\"x-http://snomed.info/sct-17762009\"> </a>\u00a0\u00a0<a href=\"http://snomed.info/id/17762009\">17762009</a></td><td>http://snomed.info/sct</td><td>Toxic encephalopathy</td><td>inactive</td></tr><tr><td style=\"white-space:nowrap\"><a name=\"x-http://snomed.info/sct-14788002\"> </a>\u00a0\u00a0<a href=\"http://snomed.info/id/14788002\">14788002</a></td><td>http://snomed.info/sct</td><td>Antimicrobial susceptibility test</td><td/></tr><tr><td style=\"white-space:nowrap\"><a name=\"x-http://snomed.info/sct-76522002\"> </a>\u00a0\u00a0<a href=\"http://snomed.info/id/76522002\">76522002</a></td><td>http://snomed.info/sct</td><td>Diathesis</td><td/></tr><tr><td style=\"white-space:nowrap\"><a name=\"x-http://snomed.info/sct-67432001\"> </a>\u00a0\u00a0<a href=\"http://snomed.info/id/67432001\">67432001</a></td><td>http://snomed.info/sct</td><td>Endocrine system disease</td><td>inactive</td></tr><tr><td style=\"white-space:nowrap\"><a name=\"x-http://snomed.info/sct-346393006\"> </a>\u00a0\u00a0<a href=\"http://snomed.info/id/346393006\">346393006</a></td><td>http://snomed.info/sct</td><td>Medicinal product acting as counterirritant (product)</td><td>inactive</td></tr><tr><td style=\"white-space:nowrap\"><a name=\"x-http://snomed.info/sct-246612009\"> </a>\u00a0\u00a0<a href=\"http://snomed.info/id/246612009\">246612009</a></td><td>http://snomed.info/sct</td><td>General visual responses</td><td/></tr><tr><td style=\"white-space:nowrap\"><a name=\"x-http://snomed.info/sct-75934005\"> </a>\u00a0\u00a0<a href=\"http://snomed.info/id/75934005\">75934005</a></td><td>http://snomed.info/sct</td><td>Metabolic disease</td><td/></tr><tr><td style=\"white-space:nowrap\"><a name=\"x-http://snomed.info/sct-129681004\"> </a>\u00a0\u00a0<a href=\"http://snomed.info/id/129681004\">129681004</a></td><td>http://snomed.info/sct</td><td>Environmental finding</td><td/></tr></table></div>"
      },
      "url" : "https://mitre.org/fhir/space-health/ValueSet/AircraftFumeExposureValueSet",
      "version" : "0.3.0",
      "name" : "AircraftFumeExposureValueSet",
      "title" : "Health Impacts of Aircraft Fume Exposure",
      "status" : "draft",
      "date" : "2025-05-05T10:49:38-04:00",
      "expansion" : {
        "identifier" : "urn:uuid:576321e0-f7e7-4314-bcc5-9bbed0a9438c",
        "timestamp" : "2025-05-05T10:51:48-04:00",
        "total" : 20,
        "offset" : 0,
        "parameter" : [{
          "name" : "displayLanguage",
          "valueCode" : "en-US"
        },
        {
          "name" : "count",
          "valueInteger" : 1000
        },
        {
          "name" : "offset",
          "valueInteger" : 0
        },
        {
          "name" : "excludeNested",
          "valueBoolean" : false
        },
        {
          "name" : "used-valueset",
          "valueUri" : "null"
        },
        {
          "name" : "used-codesystem",
          "valueUri" : "http://snomed.info/sct|http://snomed.info/sct/900000000000207008/version/20250201"
        },
        {
          "name" : "version",
          "valueUri" : "http://snomed.info/sct|http://snomed.info/sct/900000000000207008/version/20250201"
        }],
        "contains" : [{
          "system" : "http://snomed.info/sct",
          "code" : "36179005",
          "display" : "R.I.N.D. syndrome"
        },
        {
          "system" : "http://snomed.info/sct",
          "inactive" : true,
          "code" : "255736001",
          "display" : "Fume"
        },
        {
          "system" : "http://snomed.info/sct",
          "code" : "102413006",
          "display" : "Air pollution"
        },
        {
          "system" : "http://snomed.info/sct",
          "inactive" : true,
          "code" : "139607007",
          "display" : "Transient neurological symptoms"
        },
        {
          "system" : "http://snomed.info/sct",
          "inactive" : true,
          "code" : "139175004",
          "display" : "Respiratory symptoms"
        },
        {
          "system" : "http://snomed.info/sct",
          "inactive" : true,
          "code" : "161964009",
          "display" : "Cardiovascular symptoms (& [heart])"
        },
        {
          "system" : "http://snomed.info/sct",
          "code" : "66813007",
          "display" : "Virus-like particles"
        },
        {
          "system" : "http://snomed.info/sct",
          "code" : "50352000",
          "display" : "Organic phosphorus compound"
        },
        {
          "system" : "http://snomed.info/sct",
          "code" : "262459003",
          "display" : "Low dose"
        },
        {
          "system" : "http://snomed.info/sct",
          "code" : "272158000",
          "display" : "Organic compounds A-C"
        },
        {
          "system" : "http://snomed.info/sct",
          "inactive" : true,
          "code" : "80216008",
          "display" : "Cognitive disturbance"
        },
        {
          "system" : "http://snomed.info/sct",
          "code" : "19466003",
          "display" : "Neurotoxicity"
        },
        {
          "system" : "http://snomed.info/sct",
          "inactive" : true,
          "code" : "17762009",
          "display" : "Toxic encephalopathy"
        },
        {
          "system" : "http://snomed.info/sct",
          "code" : "14788002",
          "display" : "Antimicrobial susceptibility test"
        },
        {
          "system" : "http://snomed.info/sct",
          "code" : "76522002",
          "display" : "Diathesis"
        },
        {
          "system" : "http://snomed.info/sct",
          "inactive" : true,
          "code" : "67432001",
          "display" : "Endocrine system disease"
        },
        {
          "system" : "http://snomed.info/sct",
          "inactive" : true,
          "code" : "346393006",
          "display" : "Medicinal product acting as counterirritant (product)"
        },
        {
          "system" : "http://snomed.info/sct",
          "code" : "246612009",
          "display" : "General visual responses"
        },
        {
          "system" : "http://snomed.info/sct",
          "code" : "75934005",
          "display" : "Metabolic disease"
        },
        {
          "system" : "http://snomed.info/sct",
          "code" : "129681004",
          "display" : "Environmental finding"
        }]
      }
    }
  },
  {
    "fullUrl" : "https://mitre.org/fhir/space-health/ValueSet/Astronaut-Back-Pain",
    "resource" : {
      "resourceType" : "ValueSet",
      "text" : {
        "status" : "generated",
        "div" : "<div xmlns=\"http://www.w3.org/1999/xhtml\"><p class=\"res-header-id\"><b>ValueSet </b></p><p style=\"border: black 1px dotted; background-color: #EEEEEE; padding: 8px; margin-bottom: 8px\">Expansion from tx.fhir.org based on SNOMED CT International edition 01-Feb 2025</p><p>This value set contains 6 concepts</p><table class=\"codes\"><tr><td style=\"white-space:nowrap\"><b>Code</b></td><td><b>System</b></td><td><b>Display (en-US)</b></td><td><b>Inactive</b></td></tr><tr><td style=\"white-space:nowrap\"><a name=\"x-http://snomed.info/sct-16986008\"> </a>\u00a0\u00a0<a href=\"http://snomed.info/id/16986008\">16986008</a></td><td>http://snomed.info/sct</td><td>Vertebrogenic pain syndrome</td><td>inactive</td></tr><tr><td style=\"white-space:nowrap\"><a name=\"x-http://snomed.info/sct-46360000\"> </a>\u00a0\u00a0<a href=\"http://snomed.info/id/46360000\">46360000</a></td><td>http://snomed.info/sct</td><td>Abnormal curvature</td><td/></tr><tr><td style=\"white-space:nowrap\"><a name=\"x-http://snomed.info/sct-73589001\"> </a>\u00a0\u00a0<a href=\"http://snomed.info/id/73589001\">73589001</a></td><td>http://snomed.info/sct</td><td>Intervertebral disc prolapse</td><td/></tr><tr><td style=\"white-space:nowrap\"><a name=\"x-http://snomed.info/sct-229138000\"> </a>\u00a0\u00a0<a href=\"http://snomed.info/id/229138000\">229138000</a></td><td>http://snomed.info/sct</td><td>Back exercises</td><td/></tr><tr><td style=\"white-space:nowrap\"><a name=\"x-http://snomed.info/sct-229239004\"> </a>\u00a0\u00a0<a href=\"http://snomed.info/id/229239004\">229239004</a></td><td>http://snomed.info/sct</td><td>NMS - Neuromuscular stimulation</td><td/></tr><tr><td style=\"white-space:nowrap\"><a name=\"x-http://snomed.info/sct-82423001\"> </a>\u00a0\u00a0<a href=\"http://snomed.info/id/82423001\">82423001</a></td><td>http://snomed.info/sct</td><td>Chronic pain</td><td/></tr></table></div>"
      },
      "url" : "https://mitre.org/fhir/space-health/ValueSet/Astronaut-Back-Pain",
      "version" : "0.3.0",
      "name" : "Astronaut_Back_Pain",
      "title" : "Back Pain and Space Travel Research Concepts",
      "status" : "draft",
      "date" : "2025-05-05T10:49:38-04:00",
      "expansion" : {
        "identifier" : "urn:uuid:f03069ac-af8a-42f8-850f-494fe9f93900",
        "timestamp" : "2025-05-05T10:51:48-04:00",
        "total" : 6,
        "offset" : 0,
        "parameter" : [{
          "name" : "displayLanguage",
          "valueCode" : "en-US"
        },
        {
          "name" : "count",
          "valueInteger" : 1000
        },
        {
          "name" : "offset",
          "valueInteger" : 0
        },
        {
          "name" : "excludeNested",
          "valueBoolean" : false
        },
        {
          "name" : "used-valueset",
          "valueUri" : "null"
        },
        {
          "name" : "used-codesystem",
          "valueUri" : "http://snomed.info/sct|http://snomed.info/sct/900000000000207008/version/20250201"
        },
        {
          "name" : "version",
          "valueUri" : "http://snomed.info/sct|http://snomed.info/sct/900000000000207008/version/20250201"
        }],
        "contains" : [{
          "system" : "http://snomed.info/sct",
          "inactive" : true,
          "code" : "16986008",
          "display" : "Vertebrogenic pain syndrome"
        },
        {
          "system" : "http://snomed.info/sct",
          "code" : "46360000",
          "display" : "Abnormal curvature"
        },
        {
          "system" : "http://snomed.info/sct",
          "code" : "73589001",
          "display" : "Intervertebral disc prolapse"
        },
        {
          "system" : "http://snomed.info/sct",
          "code" : "229138000",
          "display" : "Back exercises"
        },
        {
          "system" : "http://snomed.info/sct",
          "code" : "229239004",
          "display" : "NMS - Neuromuscular stimulation"
        },
        {
          "system" : "http://snomed.info/sct",
          "code" : "82423001",
          "display" : "Chronic pain"
        }]
      }
    }
  },
  {
    "fullUrl" : "https://mitre.org/fhir/space-health/ValueSet/GimbalContraindicatedConditions",
    "resource" : {
      "resourceType" : "ValueSet",
      "text" : {
        "status" : "generated",
        "div" : "<div xmlns=\"http://www.w3.org/1999/xhtml\"><p class=\"res-header-id\"><b>ValueSet </b></p><p style=\"border: black 1px dotted; background-color: #EEEEEE; padding: 8px; margin-bottom: 8px\">Expansion from tx.fhir.org based on SNOMED CT International edition 01-Feb 2025</p><p>This value set contains 10 concepts</p><table class=\"codes\"><tr><td style=\"white-space:nowrap\"><b>Code</b></td><td><b>System</b></td><td><b>Display (en-US)</b></td></tr><tr><td style=\"white-space:nowrap\"><a name=\"x-http://snomed.info/sct-82271004\"> </a>\u00a0\u00a0<a href=\"http://snomed.info/id/82271004\">82271004</a></td><td>http://snomed.info/sct</td><td>Injury of head</td></tr><tr><td style=\"white-space:nowrap\"><a name=\"x-http://snomed.info/sct-90460009\"> </a>\u00a0\u00a0<a href=\"http://snomed.info/id/90460009\">90460009</a></td><td>http://snomed.info/sct</td><td>Injury of neck</td></tr><tr><td style=\"white-space:nowrap\"><a name=\"x-http://snomed.info/sct-712893003\"> </a>\u00a0\u00a0<a href=\"http://snomed.info/id/712893003\">712893003</a></td><td>http://snomed.info/sct</td><td>Injury of back</td></tr><tr><td style=\"white-space:nowrap\"><a name=\"x-http://snomed.info/sct-404640003\"> </a>\u00a0\u00a0<a href=\"http://snomed.info/id/404640003\">404640003</a></td><td>http://snomed.info/sct</td><td>Dizziness (finding)</td></tr><tr><td style=\"white-space:nowrap\"><a name=\"x-http://snomed.info/sct-19887002\"> </a>\u00a0\u00a0<a href=\"http://snomed.info/id/19887002\">19887002</a></td><td>http://snomed.info/sct</td><td>Claustrophobia</td></tr><tr><td style=\"white-space:nowrap\"><a name=\"x-http://snomed.info/sct-77386006\"> </a>\u00a0\u00a0<a href=\"http://snomed.info/id/77386006\">77386006</a></td><td>http://snomed.info/sct</td><td>Pregnancy</td></tr><tr><td style=\"white-space:nowrap\"><a name=\"x-http://snomed.info/sct-225931003\"> </a>\u00a0\u00a0<a href=\"http://snomed.info/id/225931003\">225931003</a></td><td>http://snomed.info/sct</td><td>At risk of seizures</td></tr><tr><td style=\"white-space:nowrap\"><a name=\"x-http://snomed.info/sct-88610006\"> </a>\u00a0\u00a0<a href=\"http://snomed.info/id/88610006\">88610006</a></td><td>http://snomed.info/sct</td><td>Heart murmur</td></tr><tr><td style=\"white-space:nowrap\"><a name=\"x-http://snomed.info/sct-34068001\"> </a>\u00a0\u00a0<a href=\"http://snomed.info/id/34068001\">34068001</a></td><td>http://snomed.info/sct</td><td>Heart valve replacement</td></tr><tr><td style=\"white-space:nowrap\"><a name=\"x-http://snomed.info/sct-1153637007\"> </a>\u00a0\u00a0<a href=\"http://snomed.info/id/1153637007\">1153637007</a></td><td>http://snomed.info/sct</td><td>Body height (observable entity)</td></tr></table></div>"
      },
      "url" : "https://mitre.org/fhir/space-health/ValueSet/GimbalContraindicatedConditions",
      "version" : "0.3.0",
      "name" : "GimbalContraindicatedConditions",
      "title" : "Gimbal Contraindications",
      "status" : "draft",
      "date" : "2025-05-05T10:49:38-04:00",
      "expansion" : {
        "identifier" : "urn:uuid:9a2f23d9-3570-4670-9ccf-181309d23f3d",
        "timestamp" : "2025-05-05T10:51:48-04:00",
        "total" : 10,
        "offset" : 0,
        "parameter" : [{
          "name" : "displayLanguage",
          "valueCode" : "en-US"
        },
        {
          "name" : "count",
          "valueInteger" : 1000
        },
        {
          "name" : "offset",
          "valueInteger" : 0
        },
        {
          "name" : "excludeNested",
          "valueBoolean" : false
        },
        {
          "name" : "used-valueset",
          "valueUri" : "null"
        },
        {
          "name" : "used-codesystem",
          "valueUri" : "http://snomed.info/sct|http://snomed.info/sct/900000000000207008/version/20250201"
        },
        {
          "name" : "version",
          "valueUri" : "http://snomed.info/sct|http://snomed.info/sct/900000000000207008/version/20250201"
        }],
        "contains" : [{
          "system" : "http://snomed.info/sct",
          "code" : "82271004",
          "display" : "Injury of head"
        },
        {
          "system" : "http://snomed.info/sct",
          "code" : "90460009",
          "display" : "Injury of neck"
        },
        {
          "system" : "http://snomed.info/sct",
          "code" : "712893003",
          "display" : "Injury of back"
        },
        {
          "system" : "http://snomed.info/sct",
          "code" : "404640003",
          "display" : "Dizziness (finding)"
        },
        {
          "system" : "http://snomed.info/sct",
          "code" : "19887002",
          "display" : "Claustrophobia"
        },
        {
          "system" : "http://snomed.info/sct",
          "code" : "77386006",
          "display" : "Pregnancy"
        },
        {
          "system" : "http://snomed.info/sct",
          "code" : "225931003",
          "display" : "At risk of seizures"
        },
        {
          "system" : "http://snomed.info/sct",
          "code" : "88610006",
          "display" : "Heart murmur"
        },
        {
          "system" : "http://snomed.info/sct",
          "code" : "34068001",
          "display" : "Heart valve replacement"
        },
        {
          "system" : "http://snomed.info/sct",
          "code" : "1153637007",
          "display" : "Body height (observable entity)"
        }]
      }
    }
  },
  {
    "fullUrl" : "https://mitre.org/fhir/space-health/ValueSet/LunarDustToxicityValueSet",
    "resource" : {
      "resourceType" : "ValueSet",
      "text" : {
        "status" : "generated",
        "div" : "<div xmlns=\"http://www.w3.org/1999/xhtml\"><p class=\"res-header-id\"><b>ValueSet </b></p><p style=\"border: black 1px dotted; background-color: #EEEEEE; padding: 8px; margin-bottom: 8px\">Expansion from tx.fhir.org based on SNOMED CT International edition 01-Feb 2025</p><p>This value set contains 18 concepts</p><table class=\"codes\"><tr><td style=\"white-space:nowrap\"><b>Code</b></td><td><b>System</b></td><td><b>Display (en-US)</b></td><td><b>Inactive</b></td></tr><tr><td style=\"white-space:nowrap\"><a name=\"x-http://snomed.info/sct-60481001\"> </a>\u00a0\u00a0<a href=\"http://snomed.info/id/60481001\">60481001</a></td><td>http://snomed.info/sct</td><td>Toxic effect</td><td>inactive</td></tr><tr><td style=\"white-space:nowrap\"><a name=\"x-http://snomed.info/sct-51615001\"> </a>\u00a0\u00a0<a href=\"http://snomed.info/id/51615001\">51615001</a></td><td>http://snomed.info/sct</td><td>Fibrosis of lung</td><td/></tr><tr><td style=\"white-space:nowrap\"><a name=\"x-http://snomed.info/sct-13645005\"> </a>\u00a0\u00a0<a href=\"http://snomed.info/id/13645005\">13645005</a></td><td>http://snomed.info/sct</td><td>Chronic obstructive lung disease</td><td/></tr><tr><td style=\"white-space:nowrap\"><a name=\"x-http://snomed.info/sct-257553007\"> </a>\u00a0\u00a0<a href=\"http://snomed.info/id/257553007\">257553007</a></td><td>http://snomed.info/sct</td><td>Irritation</td><td/></tr><tr><td style=\"white-space:nowrap\"><a name=\"x-http://snomed.info/sct-4979002\"> </a>\u00a0\u00a0<a href=\"http://snomed.info/id/4979002\">4979002</a></td><td>http://snomed.info/sct</td><td>Dermatitis</td><td>inactive</td></tr><tr><td style=\"white-space:nowrap\"><a name=\"x-http://snomed.info/sct-11214006\"> </a>\u00a0\u00a0<a href=\"http://snomed.info/id/11214006\">11214006</a></td><td>http://snomed.info/sct</td><td>Reactive</td><td/></tr><tr><td style=\"white-space:nowrap\"><a name=\"x-http://snomed.info/sct-2296009\"> </a>\u00a0\u00a0<a href=\"http://snomed.info/id/2296009\">2296009</a></td><td>http://snomed.info/sct</td><td>Iron dextran toxicity</td><td/></tr><tr><td style=\"white-space:nowrap\"><a name=\"x-http://snomed.info/sct-271794005\"> </a>\u00a0\u00a0<a href=\"http://snomed.info/id/271794005\">271794005</a></td><td>http://snomed.info/sct</td><td>Disorder of sleep-wake cycle</td><td/></tr><tr><td style=\"white-space:nowrap\"><a name=\"x-http://snomed.info/sct-187875007\"> </a>\u00a0\u00a0<a href=\"http://snomed.info/id/187875007\">187875007</a></td><td>http://snomed.info/sct</td><td>Malignant neoplasm lung: [of bronchus or lung NOS] or [lung cancer]</td><td>inactive</td></tr><tr><td style=\"white-space:nowrap\"><a name=\"x-http://snomed.info/sct-805002\"> </a>\u00a0\u00a0<a href=\"http://snomed.info/id/805002\">805002</a></td><td>http://snomed.info/sct</td><td>Silicosis</td><td/></tr><tr><td style=\"white-space:nowrap\"><a name=\"x-http://snomed.info/sct-84499006\"> </a>\u00a0\u00a0<a href=\"http://snomed.info/id/84499006\">84499006</a></td><td>http://snomed.info/sct</td><td>Chronic inflammation</td><td>inactive</td></tr><tr><td style=\"white-space:nowrap\"><a name=\"x-http://snomed.info/sct-71677004\"> </a>\u00a0\u00a0<a href=\"http://snomed.info/id/71677004\">71677004</a></td><td>http://snomed.info/sct</td><td>Effect of exposure to external cause</td><td/></tr><tr><td style=\"white-space:nowrap\"><a name=\"x-http://snomed.info/sct-139175004\"> </a>\u00a0\u00a0<a href=\"http://snomed.info/id/139175004\">139175004</a></td><td>http://snomed.info/sct</td><td>Respiratory symptoms</td><td>inactive</td></tr><tr><td style=\"white-space:nowrap\"><a name=\"x-http://snomed.info/sct-144417005\"> </a>\u00a0\u00a0<a href=\"http://snomed.info/id/144417005\">144417005</a></td><td>http://snomed.info/sct</td><td>Renal function tests</td><td>inactive</td></tr><tr><td style=\"white-space:nowrap\"><a name=\"x-http://snomed.info/sct-195978009\"> </a>\u00a0\u00a0<a href=\"http://snomed.info/id/195978009\">195978009</a></td><td>http://snomed.info/sct</td><td>Exacerbation of asthma</td><td>inactive</td></tr><tr><td style=\"white-space:nowrap\"><a name=\"x-http://snomed.info/sct-23583003\"> </a>\u00a0\u00a0<a href=\"http://snomed.info/id/23583003\">23583003</a></td><td>http://snomed.info/sct</td><td>Inflammation</td><td>inactive</td></tr><tr><td style=\"white-space:nowrap\"><a name=\"x-http://snomed.info/sct-5410007\"> </a>\u00a0\u00a0<a href=\"http://snomed.info/id/5410007\">5410007</a></td><td>http://snomed.info/sct</td><td>Oxidative phosphorylation</td><td/></tr><tr><td style=\"white-space:nowrap\"><a name=\"x-http://snomed.info/sct-46595003\"> </a>\u00a0\u00a0<a href=\"http://snomed.info/id/46595003\">46595003</a></td><td>http://snomed.info/sct</td><td>Deposition</td><td/></tr></table></div>"
      },
      "url" : "https://mitre.org/fhir/space-health/ValueSet/LunarDustToxicityValueSet",
      "version" : "0.3.0",
      "name" : "LunarDustToxicityValueSet",
      "title" : "Lunar Dust Toxicity Related Conditions",
      "status" : "draft",
      "date" : "2025-05-05T10:49:38-04:00",
      "expansion" : {
        "identifier" : "urn:uuid:f50de9d2-8bcb-4ac5-84dc-cbb17c459d4a",
        "timestamp" : "2025-05-05T10:51:49-04:00",
        "total" : 18,
        "offset" : 0,
        "parameter" : [{
          "name" : "displayLanguage",
          "valueCode" : "en-US"
        },
        {
          "name" : "count",
          "valueInteger" : 1000
        },
        {
          "name" : "offset",
          "valueInteger" : 0
        },
        {
          "name" : "excludeNested",
          "valueBoolean" : false
        },
        {
          "name" : "used-valueset",
          "valueUri" : "null"
        },
        {
          "name" : "used-codesystem",
          "valueUri" : "http://snomed.info/sct|http://snomed.info/sct/900000000000207008/version/20250201"
        },
        {
          "name" : "version",
          "valueUri" : "http://snomed.info/sct|http://snomed.info/sct/900000000000207008/version/20250201"
        }],
        "contains" : [{
          "system" : "http://snomed.info/sct",
          "inactive" : true,
          "code" : "60481001",
          "display" : "Toxic effect"
        },
        {
          "system" : "http://snomed.info/sct",
          "code" : "51615001",
          "display" : "Fibrosis of lung"
        },
        {
          "system" : "http://snomed.info/sct",
          "code" : "13645005",
          "display" : "Chronic obstructive lung disease"
        },
        {
          "system" : "http://snomed.info/sct",
          "code" : "257553007",
          "display" : "Irritation"
        },
        {
          "system" : "http://snomed.info/sct",
          "inactive" : true,
          "code" : "4979002",
          "display" : "Dermatitis"
        },
        {
          "system" : "http://snomed.info/sct",
          "code" : "11214006",
          "display" : "Reactive"
        },
        {
          "system" : "http://snomed.info/sct",
          "code" : "2296009",
          "display" : "Iron dextran toxicity"
        },
        {
          "system" : "http://snomed.info/sct",
          "code" : "271794005",
          "display" : "Disorder of sleep-wake cycle"
        },
        {
          "system" : "http://snomed.info/sct",
          "inactive" : true,
          "code" : "187875007",
          "display" : "Malignant neoplasm lung: [of bronchus or lung NOS] or [lung cancer]"
        },
        {
          "system" : "http://snomed.info/sct",
          "code" : "805002",
          "display" : "Silicosis"
        },
        {
          "system" : "http://snomed.info/sct",
          "inactive" : true,
          "code" : "84499006",
          "display" : "Chronic inflammation"
        },
        {
          "system" : "http://snomed.info/sct",
          "code" : "71677004",
          "display" : "Effect of exposure to external cause"
        },
        {
          "system" : "http://snomed.info/sct",
          "inactive" : true,
          "code" : "139175004",
          "display" : "Respiratory symptoms"
        },
        {
          "system" : "http://snomed.info/sct",
          "inactive" : true,
          "code" : "144417005",
          "display" : "Renal function tests"
        },
        {
          "system" : "http://snomed.info/sct",
          "inactive" : true,
          "code" : "195978009",
          "display" : "Exacerbation of asthma"
        },
        {
          "system" : "http://snomed.info/sct",
          "inactive" : true,
          "code" : "23583003",
          "display" : "Inflammation"
        },
        {
          "system" : "http://snomed.info/sct",
          "code" : "5410007",
          "display" : "Oxidative phosphorylation"
        },
        {
          "system" : "http://snomed.info/sct",
          "code" : "46595003",
          "display" : "Deposition"
        }]
      }
    }
  },
  {
    "fullUrl" : "https://mitre.org/fhir/space-health/ValueSet/Muscle-Stiffness-and-Space-Health",
    "resource" : {
      "resourceType" : "ValueSet",
      "text" : {
        "status" : "generated",
        "div" : "<div xmlns=\"http://www.w3.org/1999/xhtml\"><p class=\"res-header-id\"><b>ValueSet </b></p><p style=\"border: black 1px dotted; background-color: #EEEEEE; padding: 8px; margin-bottom: 8px\">Expansion from tx.fhir.org based on SNOMED CT International edition 01-Feb 2025</p><p>This value set contains 4 concepts</p><table class=\"codes\"><tr><td style=\"white-space:nowrap\"><b>Code</b></td><td><b>System</b></td><td><b>Display (en-US)</b></td><td><b>Inactive</b></td></tr><tr><td style=\"white-space:nowrap\"><a name=\"x-http://snomed.info/sct-16046003\"> </a>\u00a0\u00a0<a href=\"http://snomed.info/id/16046003\">16046003</a></td><td>http://snomed.info/sct</td><td>Muscular rigidity</td><td/></tr><tr><td style=\"white-space:nowrap\"><a name=\"x-http://snomed.info/sct-249919003\"> </a>\u00a0\u00a0<a href=\"http://snomed.info/id/249919003\">249919003</a></td><td>http://snomed.info/sct</td><td>Muscle stiffness</td><td>inactive</td></tr><tr><td style=\"white-space:nowrap\"><a name=\"x-http://snomed.info/sct-162411004\"> </a>\u00a0\u00a0<a href=\"http://snomed.info/id/162411004\">162411004</a></td><td>http://snomed.info/sct</td><td>C/O: stiffness</td><td>inactive</td></tr><tr><td style=\"white-space:nowrap\"><a name=\"x-http://snomed.info/sct-181696007\"> </a>\u00a0\u00a0<a href=\"http://snomed.info/id/181696007\">181696007</a></td><td>http://snomed.info/sct</td><td>Entire tibialis anterior</td><td/></tr></table></div>"
      },
      "url" : "https://mitre.org/fhir/space-health/ValueSet/Muscle-Stiffness-and-Space-Health",
      "version" : "0.3.0",
      "name" : "Muscle_Stiffness_and_Space_Health",
      "title" : "Muscle Stiffness and Space Health ValueSet",
      "status" : "draft",
      "date" : "2025-05-05T10:49:38-04:00",
      "expansion" : {
        "identifier" : "urn:uuid:d54302b5-dbd7-449b-af63-b8700afa5a69",
        "timestamp" : "2025-05-05T10:51:50-04:00",
        "total" : 4,
        "offset" : 0,
        "parameter" : [{
          "name" : "displayLanguage",
          "valueCode" : "en-US"
        },
        {
          "name" : "count",
          "valueInteger" : 1000
        },
        {
          "name" : "offset",
          "valueInteger" : 0
        },
        {
          "name" : "excludeNested",
          "valueBoolean" : false
        },
        {
          "name" : "used-valueset",
          "valueUri" : "null"
        },
        {
          "name" : "used-codesystem",
          "valueUri" : "http://snomed.info/sct|http://snomed.info/sct/900000000000207008/version/20250201"
        },
        {
          "name" : "version",
          "valueUri" : "http://snomed.info/sct|http://snomed.info/sct/900000000000207008/version/20250201"
        }],
        "contains" : [{
          "system" : "http://snomed.info/sct",
          "code" : "16046003",
          "display" : "Muscular rigidity"
        },
        {
          "system" : "http://snomed.info/sct",
          "inactive" : true,
          "code" : "249919003",
          "display" : "Muscle stiffness"
        },
        {
          "system" : "http://snomed.info/sct",
          "inactive" : true,
          "code" : "162411004",
          "display" : "C/O: stiffness"
        },
        {
          "system" : "http://snomed.info/sct",
          "code" : "181696007",
          "display" : "Entire tibialis anterior"
        }]
      }
    }
  },
  {
    "fullUrl" : "https://mitre.org/fhir/space-health/ValueSet/SleepLossHypoxiaEffect",
    "resource" : {
      "resourceType" : "ValueSet",
      "text" : {
        "status" : "generated",
        "div" : "<div xmlns=\"http://www.w3.org/1999/xhtml\"><p class=\"res-header-id\"><b>ValueSet </b></p><p style=\"border: black 1px dotted; background-color: #EEEEEE; padding: 8px; margin-bottom: 8px\">Expansion from tx.fhir.org based on SNOMED CT International edition 01-Feb 2025</p><p>This value set contains 11 concepts</p><table class=\"codes\"><tr><td style=\"white-space:nowrap\"><b>Code</b></td><td><b>System</b></td><td><b>Display (en-US)</b></td><td><b>Inactive</b></td></tr><tr><td style=\"white-space:nowrap\"><a name=\"x-http://snomed.info/sct-86636006\"> </a>\u00a0\u00a0<a href=\"http://snomed.info/id/86636006\">86636006</a></td><td>http://snomed.info/sct</td><td>Sleep</td><td>inactive</td></tr><tr><td style=\"white-space:nowrap\"><a name=\"x-http://snomed.info/sct-30869003\"> </a>\u00a0\u00a0<a href=\"http://snomed.info/id/30869003\">30869003</a></td><td>http://snomed.info/sct</td><td>Decreased oxygen supply</td><td>inactive</td></tr><tr><td style=\"white-space:nowrap\"><a name=\"x-http://snomed.info/sct-246612009\"> </a>\u00a0\u00a0<a href=\"http://snomed.info/id/246612009\">246612009</a></td><td>http://snomed.info/sct</td><td>General visual responses</td><td/></tr><tr><td style=\"white-space:nowrap\"><a name=\"x-http://snomed.info/sct-30920001\"> </a>\u00a0\u00a0<a href=\"http://snomed.info/id/30920001\">30920001</a></td><td>http://snomed.info/sct</td><td>Circadian rhythm</td><td/></tr><tr><td style=\"white-space:nowrap\"><a name=\"x-http://snomed.info/sct-80216008\"> </a>\u00a0\u00a0<a href=\"http://snomed.info/id/80216008\">80216008</a></td><td>http://snomed.info/sct</td><td>Cognitive disturbance</td><td>inactive</td></tr><tr><td style=\"white-space:nowrap\"><a name=\"x-http://snomed.info/sct-113257007\"> </a>\u00a0\u00a0<a href=\"http://snomed.info/id/113257007\">113257007</a></td><td>http://snomed.info/sct</td><td>Cardiovascular system</td><td/></tr><tr><td style=\"white-space:nowrap\"><a name=\"x-http://snomed.info/sct-20139000\"> </a>\u00a0\u00a0<a href=\"http://snomed.info/id/20139000\">20139000</a></td><td>http://snomed.info/sct</td><td>Respiratory system</td><td/></tr><tr><td style=\"white-space:nowrap\"><a name=\"x-http://snomed.info/sct-104847001\"> </a>\u00a0\u00a0<a href=\"http://snomed.info/id/104847001\">104847001</a></td><td>http://snomed.info/sct</td><td>Oxygen saturation measurement</td><td/></tr><tr><td style=\"white-space:nowrap\"><a name=\"x-http://snomed.info/sct-284032008\"> </a>\u00a0\u00a0<a href=\"http://snomed.info/id/284032008\">284032008</a></td><td>http://snomed.info/sct</td><td>Oxygenation monitoring</td><td/></tr><tr><td style=\"white-space:nowrap\"><a name=\"x-http://snomed.info/sct-4452006\"> </a>\u00a0\u00a0<a href=\"http://snomed.info/id/4452006\">4452006</a></td><td>http://snomed.info/sct</td><td>Adaptation</td><td/></tr><tr><td style=\"white-space:nowrap\"><a name=\"x-http://snomed.info/sct-21979002\"> </a>\u00a0\u00a0<a href=\"http://snomed.info/id/21979002\">21979002</a></td><td>http://snomed.info/sct</td><td>Homeostasis</td><td/></tr></table></div>"
      },
      "url" : "https://mitre.org/fhir/space-health/ValueSet/SleepLossHypoxiaEffect",
      "version" : "0.3.0",
      "name" : "SleepLossHypoxiaEffect",
      "title" : "Sleep Loss and Hypoxia Effects ValueSet",
      "status" : "draft",
      "date" : "2025-05-05T10:49:38-04:00",
      "expansion" : {
        "identifier" : "urn:uuid:4fd2e5e3-334a-4afb-98be-eeef2d88bce6",
        "timestamp" : "2025-05-05T10:51:51-04:00",
        "total" : 11,
        "offset" : 0,
        "parameter" : [{
          "name" : "displayLanguage",
          "valueCode" : "en-US"
        },
        {
          "name" : "count",
          "valueInteger" : 1000
        },
        {
          "name" : "offset",
          "valueInteger" : 0
        },
        {
          "name" : "excludeNested",
          "valueBoolean" : false
        },
        {
          "name" : "used-valueset",
          "valueUri" : "null"
        },
        {
          "name" : "used-codesystem",
          "valueUri" : "http://snomed.info/sct|http://snomed.info/sct/900000000000207008/version/20250201"
        },
        {
          "name" : "version",
          "valueUri" : "http://snomed.info/sct|http://snomed.info/sct/900000000000207008/version/20250201"
        }],
        "contains" : [{
          "system" : "http://snomed.info/sct",
          "inactive" : true,
          "code" : "86636006",
          "display" : "Sleep"
        },
        {
          "system" : "http://snomed.info/sct",
          "inactive" : true,
          "code" : "30869003",
          "display" : "Decreased oxygen supply"
        },
        {
          "system" : "http://snomed.info/sct",
          "code" : "246612009",
          "display" : "General visual responses"
        },
        {
          "system" : "http://snomed.info/sct",
          "code" : "30920001",
          "display" : "Circadian rhythm"
        },
        {
          "system" : "http://snomed.info/sct",
          "inactive" : true,
          "code" : "80216008",
          "display" : "Cognitive disturbance"
        },
        {
          "system" : "http://snomed.info/sct",
          "code" : "113257007",
          "display" : "Cardiovascular system"
        },
        {
          "system" : "http://snomed.info/sct",
          "code" : "20139000",
          "display" : "Respiratory system"
        },
        {
          "system" : "http://snomed.info/sct",
          "code" : "104847001",
          "display" : "Oxygen saturation measurement"
        },
        {
          "system" : "http://snomed.info/sct",
          "code" : "284032008",
          "display" : "Oxygenation monitoring"
        },
        {
          "system" : "http://snomed.info/sct",
          "code" : "4452006",
          "display" : "Adaptation"
        },
        {
          "system" : "http://snomed.info/sct",
          "code" : "21979002",
          "display" : "Homeostasis"
        }]
      }
    }
  },
  {
    "fullUrl" : "https://mitre.org/fhir/space-health/ValueSet/SleepLossHypoxiaResponses",
    "resource" : {
      "resourceType" : "ValueSet",
      "text" : {
        "status" : "generated",
        "div" : "<div xmlns=\"http://www.w3.org/1999/xhtml\"><p class=\"res-header-id\"><b>ValueSet </b></p><p style=\"border: black 1px dotted; background-color: #EEEEEE; padding: 8px; margin-bottom: 8px\">Expansion from tx.fhir.org based on SNOMED CT International edition 01-Feb 2025</p><p>This value set contains 9 concepts</p><table class=\"codes\"><tr><td style=\"white-space:nowrap\"><b>Code</b></td><td><b>System</b></td><td><b>Display (en-US)</b></td><td><b>Inactive</b></td></tr><tr><td style=\"white-space:nowrap\"><a name=\"x-http://snomed.info/sct-78590007\"> </a>\u00a0\u00a0<a href=\"http://snomed.info/id/78590007\">78590007</a></td><td>http://snomed.info/sct</td><td>Acute mountain sickness</td><td/></tr><tr><td style=\"white-space:nowrap\"><a name=\"x-http://snomed.info/sct-130989002\"> </a>\u00a0\u00a0<a href=\"http://snomed.info/id/130989002\">130989002</a></td><td>http://snomed.info/sct</td><td>Sleep deprivation</td><td/></tr><tr><td style=\"white-space:nowrap\"><a name=\"x-http://snomed.info/sct-30869003\"> </a>\u00a0\u00a0<a href=\"http://snomed.info/id/30869003\">30869003</a></td><td>http://snomed.info/sct</td><td>Decreased oxygen supply</td><td>inactive</td></tr><tr><td style=\"white-space:nowrap\"><a name=\"x-http://snomed.info/sct-233707008\"> </a>\u00a0\u00a0<a href=\"http://snomed.info/id/233707008\">233707008</a></td><td>http://snomed.info/sct</td><td>High altitude pulmonary oedema</td><td/></tr><tr><td style=\"white-space:nowrap\"><a name=\"x-http://snomed.info/sct-230762003\"> </a>\u00a0\u00a0<a href=\"http://snomed.info/id/230762003\">230762003</a></td><td>http://snomed.info/sct</td><td>High altitude cerebral edema</td><td/></tr><tr><td style=\"white-space:nowrap\"><a name=\"x-http://snomed.info/sct-23583003\"> </a>\u00a0\u00a0<a href=\"http://snomed.info/id/23583003\">23583003</a></td><td>http://snomed.info/sct</td><td>Inflammation</td><td>inactive</td></tr><tr><td style=\"white-space:nowrap\"><a name=\"x-http://snomed.info/sct-50530005\"> </a>\u00a0\u00a0<a href=\"http://snomed.info/id/50530005\">50530005</a></td><td>http://snomed.info/sct</td><td>Periodic respiration</td><td>inactive</td></tr><tr><td style=\"white-space:nowrap\"><a name=\"x-http://snomed.info/sct-55235003\"> </a>\u00a0\u00a0<a href=\"http://snomed.info/id/55235003\">55235003</a></td><td>http://snomed.info/sct</td><td>C-reactive protein measurement</td><td/></tr><tr><td style=\"white-space:nowrap\"><a name=\"x-http://snomed.info/sct-15754000\"> </a>\u00a0\u00a0<a href=\"http://snomed.info/id/15754000\">15754000</a></td><td>http://snomed.info/sct</td><td>Interleukin-7</td><td/></tr></table></div>"
      },
      "url" : "https://mitre.org/fhir/space-health/ValueSet/SleepLossHypoxiaResponses",
      "version" : "0.3.0",
      "name" : "SleepLossHypoxiaResponses",
      "title" : "Sleep Loss and Hypoxia Responses",
      "status" : "draft",
      "date" : "2025-05-05T10:49:38-04:00",
      "expansion" : {
        "identifier" : "urn:uuid:3b4f628e-29c1-416d-8ee1-00fbf654153c",
        "timestamp" : "2025-05-05T10:51:51-04:00",
        "total" : 9,
        "offset" : 0,
        "parameter" : [{
          "name" : "displayLanguage",
          "valueCode" : "en-US"
        },
        {
          "name" : "count",
          "valueInteger" : 1000
        },
        {
          "name" : "offset",
          "valueInteger" : 0
        },
        {
          "name" : "excludeNested",
          "valueBoolean" : false
        },
        {
          "name" : "used-valueset",
          "valueUri" : "null"
        },
        {
          "name" : "used-codesystem",
          "valueUri" : "http://snomed.info/sct|http://snomed.info/sct/900000000000207008/version/20250201"
        },
        {
          "name" : "version",
          "valueUri" : "http://snomed.info/sct|http://snomed.info/sct/900000000000207008/version/20250201"
        }],
        "contains" : [{
          "system" : "http://snomed.info/sct",
          "code" : "78590007",
          "display" : "Acute mountain sickness"
        },
        {
          "system" : "http://snomed.info/sct",
          "code" : "130989002",
          "display" : "Sleep deprivation"
        },
        {
          "system" : "http://snomed.info/sct",
          "inactive" : true,
          "code" : "30869003",
          "display" : "Decreased oxygen supply"
        },
        {
          "system" : "http://snomed.info/sct",
          "code" : "233707008",
          "display" : "High altitude pulmonary oedema"
        },
        {
          "system" : "http://snomed.info/sct",
          "code" : "230762003",
          "display" : "High altitude cerebral edema"
        },
        {
          "system" : "http://snomed.info/sct",
          "inactive" : true,
          "code" : "23583003",
          "display" : "Inflammation"
        },
        {
          "system" : "http://snomed.info/sct",
          "inactive" : true,
          "code" : "50530005",
          "display" : "Periodic respiration"
        },
        {
          "system" : "http://snomed.info/sct",
          "code" : "55235003",
          "display" : "C-reactive protein measurement"
        },
        {
          "system" : "http://snomed.info/sct",
          "code" : "15754000",
          "display" : "Interleukin-7"
        }]
      }
    }
  },
  {
    "fullUrl" : "https://mitre.org/fhir/space-health/ValueSet/Space-Adaptation-Bone-Health",
    "resource" : {
      "resourceType" : "ValueSet",
      "text" : {
        "status" : "generated",
        "div" : "<div xmlns=\"http://www.w3.org/1999/xhtml\"><p class=\"res-header-id\"><b>ValueSet </b></p><p style=\"border: black 1px dotted; background-color: #EEEEEE; padding: 8px; margin-bottom: 8px\">Expansion from tx.fhir.org based on SNOMED CT International edition 01-Feb 2025</p><p>This value set contains 2 concepts</p><table class=\"codes\"><tr><td style=\"white-space:nowrap\"><b>Code</b></td><td><b>System</b></td><td><b>Display (en-US)</b></td></tr><tr><td style=\"white-space:nowrap\"><a name=\"x-http://snomed.info/sct-86198006\"> </a>\u00a0\u00a0<a href=\"http://snomed.info/id/86198006\">86198006</a></td><td>http://snomed.info/sct</td><td>Influenza vaccination</td></tr><tr><td style=\"white-space:nowrap\"><a name=\"x-http://snomed.info/sct-18286008\"> </a>\u00a0\u00a0<a href=\"http://snomed.info/id/18286008\">18286008</a></td><td>http://snomed.info/sct</td><td>Catheter ablation of tissue of heart</td></tr></table></div>"
      },
      "url" : "https://mitre.org/fhir/space-health/ValueSet/Space-Adaptation-Bone-Health",
      "version" : "0.3.0",
      "name" : "Space_Adaptation_Bone_Health",
      "title" : "Adaptations of Bone Health in Space",
      "status" : "draft",
      "date" : "2025-05-05T10:49:38-04:00",
      "expansion" : {
        "identifier" : "urn:uuid:494b3292-859e-4174-b5a9-160eeb796a0e",
        "timestamp" : "2025-05-05T10:51:51-04:00",
        "total" : 2,
        "offset" : 0,
        "parameter" : [{
          "name" : "displayLanguage",
          "valueCode" : "en-US"
        },
        {
          "name" : "count",
          "valueInteger" : 1000
        },
        {
          "name" : "offset",
          "valueInteger" : 0
        },
        {
          "name" : "excludeNested",
          "valueBoolean" : false
        },
        {
          "name" : "used-valueset",
          "valueUri" : "null"
        },
        {
          "name" : "used-codesystem",
          "valueUri" : "http://snomed.info/sct|http://snomed.info/sct/900000000000207008/version/20250201"
        },
        {
          "name" : "version",
          "valueUri" : "http://snomed.info/sct|http://snomed.info/sct/900000000000207008/version/20250201"
        }],
        "contains" : [{
          "system" : "http://snomed.info/sct",
          "code" : "86198006",
          "display" : "Influenza vaccination"
        },
        {
          "system" : "http://snomed.info/sct",
          "code" : "18286008",
          "display" : "Catheter ablation of tissue of heart"
        }]
      }
    }
  },
  {
    "fullUrl" : "https://mitre.org/fhir/space-health/ValueSet/SpaceRadiationRisksVS",
    "resource" : {
      "resourceType" : "ValueSet",
      "text" : {
        "status" : "generated",
        "div" : "<div xmlns=\"http://www.w3.org/1999/xhtml\"><p class=\"res-header-id\"><b>ValueSet </b></p><p style=\"border: black 1px dotted; background-color: #EEEEEE; padding: 8px; margin-bottom: 8px\">Expansion from tx.fhir.org based on SNOMED CT International edition 01-Feb 2025</p><p>This value set contains 3 concepts</p><table class=\"codes\"><tr><td style=\"white-space:nowrap\"><b>Code</b></td><td><b>System</b></td><td><b>Display (en-US)</b></td><td><b>Inactive</b></td></tr><tr><td style=\"white-space:nowrap\"><a name=\"x-http://snomed.info/sct-138899005\"> </a>\u00a0\u00a0<a href=\"http://snomed.info/id/138899005\">138899005</a></td><td>http://snomed.info/sct</td><td>H/O: radiation exposure</td><td>inactive</td></tr><tr><td style=\"white-space:nowrap\"><a name=\"x-http://snomed.info/sct-95722004\"> </a>\u00a0\u00a0<a href=\"http://snomed.info/id/95722004\">95722004</a></td><td>http://snomed.info/sct</td><td>Bilateral cataracts</td><td/></tr><tr><td style=\"white-space:nowrap\"><a name=\"x-http://snomed.info/sct-229040007\"> </a>\u00a0\u00a0<a href=\"http://snomed.info/id/229040007\">229040007</a></td><td>http://snomed.info/sct</td><td>rad</td><td/></tr></table></div>"
      },
      "url" : "https://mitre.org/fhir/space-health/ValueSet/SpaceRadiationRisksVS",
      "version" : "0.3.0",
      "name" : "SpaceRadiationRisksVS",
      "title" : "Space Radiation Risks ValueSet",
      "status" : "draft",
      "date" : "2025-05-05T10:49:38-04:00",
      "expansion" : {
        "identifier" : "urn:uuid:c0e0a318-c711-4482-9b16-49d78d384217",
        "timestamp" : "2025-05-05T10:51:51-04:00",
        "total" : 3,
        "offset" : 0,
        "parameter" : [{
          "name" : "displayLanguage",
          "valueCode" : "en-US"
        },
        {
          "name" : "count",
          "valueInteger" : 1000
        },
        {
          "name" : "offset",
          "valueInteger" : 0
        },
        {
          "name" : "excludeNested",
          "valueBoolean" : false
        },
        {
          "name" : "used-valueset",
          "valueUri" : "null"
        },
        {
          "name" : "used-codesystem",
          "valueUri" : "http://snomed.info/sct|http://snomed.info/sct/900000000000207008/version/20250201"
        },
        {
          "name" : "version",
          "valueUri" : "http://snomed.info/sct|http://snomed.info/sct/900000000000207008/version/20250201"
        }],
        "contains" : [{
          "system" : "http://snomed.info/sct",
          "inactive" : true,
          "code" : "138899005",
          "display" : "H/O: radiation exposure"
        },
        {
          "system" : "http://snomed.info/sct",
          "code" : "95722004",
          "display" : "Bilateral cataracts"
        },
        {
          "system" : "http://snomed.info/sct",
          "code" : "229040007",
          "display" : "rad"
        }]
      }
    }
  },
  {
    "fullUrl" : "https://mitre.org/fhir/space-health/ValueSet/SpaceTravelBrainChanges",
    "resource" : {
      "resourceType" : "ValueSet",
      "text" : {
        "status" : "generated",
        "div" : "<div xmlns=\"http://www.w3.org/1999/xhtml\"><p class=\"res-header-id\"><b>ValueSet </b></p><p style=\"border: black 1px dotted; background-color: #EEEEEE; padding: 8px; margin-bottom: 8px\">Expansion from tx.fhir.org based on SNOMED CT International edition 01-Feb 2025</p><p>This value set contains 9 concepts</p><table class=\"codes\"><tr><td style=\"white-space:nowrap\"><b>Code</b></td><td><b>System</b></td><td><b>Display (en-US)</b></td><td><b>Inactive</b></td></tr><tr><td style=\"white-space:nowrap\"><a name=\"x-http://snomed.info/sct-65124004\"> </a>\u00a0\u00a0<a href=\"http://snomed.info/id/65124004\">65124004</a></td><td>http://snomed.info/sct</td><td>Swelling</td><td/></tr><tr><td style=\"white-space:nowrap\"><a name=\"x-http://snomed.info/sct-361533001\"> </a>\u00a0\u00a0<a href=\"http://snomed.info/id/361533001\">361533001</a></td><td>http://snomed.info/sct</td><td>Vestibular system</td><td/></tr><tr><td style=\"white-space:nowrap\"><a name=\"x-http://snomed.info/sct-68523003\"> </a>\u00a0\u00a0<a href=\"http://snomed.info/id/68523003\">68523003</a></td><td>http://snomed.info/sct</td><td>Cerebral white matter</td><td/></tr><tr><td style=\"white-space:nowrap\"><a name=\"x-http://snomed.info/sct-90545009\"> </a>\u00a0\u00a0<a href=\"http://snomed.info/id/90545009\">90545009</a></td><td>http://snomed.info/sct</td><td>Finding of sensation</td><td>inactive</td></tr><tr><td style=\"white-space:nowrap\"><a name=\"x-http://snomed.info/sct-37031009\"> </a>\u00a0\u00a0<a href=\"http://snomed.info/id/37031009\">37031009</a></td><td>http://snomed.info/sct</td><td>Motion sickness</td><td/></tr><tr><td style=\"white-space:nowrap\"><a name=\"x-http://snomed.info/sct-102957003\"> </a>\u00a0\u00a0<a href=\"http://snomed.info/id/102957003\">102957003</a></td><td>http://snomed.info/sct</td><td>Neurological finding</td><td/></tr><tr><td style=\"white-space:nowrap\"><a name=\"x-http://snomed.info/sct-56246009\"> </a>\u00a0\u00a0<a href=\"http://snomed.info/id/56246009\">56246009</a></td><td>http://snomed.info/sct</td><td>Hypertrophy</td><td/></tr><tr><td style=\"white-space:nowrap\"><a name=\"x-http://snomed.info/sct-258450006\"> </a>\u00a0\u00a0<a href=\"http://snomed.info/id/258450006\">258450006</a></td><td>http://snomed.info/sct</td><td>Cerebrospinal fluid sample</td><td/></tr><tr><td style=\"white-space:nowrap\"><a name=\"x-http://snomed.info/sct-148269006\"> </a>\u00a0\u00a0<a href=\"http://snomed.info/id/148269006\">148269006</a></td><td>http://snomed.info/sct</td><td>Health education - exercise</td><td>inactive</td></tr></table></div>"
      },
      "url" : "https://mitre.org/fhir/space-health/ValueSet/SpaceTravelBrainChanges",
      "version" : "0.3.0",
      "name" : "SpaceTravelBrainChanges",
      "title" : "Brain Changes from Prolonged Space Travel",
      "status" : "draft",
      "date" : "2025-05-05T10:49:38-04:00",
      "expansion" : {
        "identifier" : "urn:uuid:06588947-2b9b-4800-a5ce-274536cc866c",
        "timestamp" : "2025-05-05T10:51:52-04:00",
        "total" : 9,
        "offset" : 0,
        "parameter" : [{
          "name" : "displayLanguage",
          "valueCode" : "en-US"
        },
        {
          "name" : "count",
          "valueInteger" : 1000
        },
        {
          "name" : "offset",
          "valueInteger" : 0
        },
        {
          "name" : "excludeNested",
          "valueBoolean" : false
        },
        {
          "name" : "used-valueset",
          "valueUri" : "null"
        },
        {
          "name" : "used-codesystem",
          "valueUri" : "http://snomed.info/sct|http://snomed.info/sct/900000000000207008/version/20250201"
        },
        {
          "name" : "version",
          "valueUri" : "http://snomed.info/sct|http://snomed.info/sct/900000000000207008/version/20250201"
        }],
        "contains" : [{
          "system" : "http://snomed.info/sct",
          "code" : "65124004",
          "display" : "Swelling"
        },
        {
          "system" : "http://snomed.info/sct",
          "code" : "361533001",
          "display" : "Vestibular system"
        },
        {
          "system" : "http://snomed.info/sct",
          "code" : "68523003",
          "display" : "Cerebral white matter"
        },
        {
          "system" : "http://snomed.info/sct",
          "inactive" : true,
          "code" : "90545009",
          "display" : "Finding of sensation"
        },
        {
          "system" : "http://snomed.info/sct",
          "code" : "37031009",
          "display" : "Motion sickness"
        },
        {
          "system" : "http://snomed.info/sct",
          "code" : "102957003",
          "display" : "Neurological finding"
        },
        {
          "system" : "http://snomed.info/sct",
          "code" : "56246009",
          "display" : "Hypertrophy"
        },
        {
          "system" : "http://snomed.info/sct",
          "code" : "258450006",
          "display" : "Cerebrospinal fluid sample"
        },
        {
          "system" : "http://snomed.info/sct",
          "inactive" : true,
          "code" : "148269006",
          "display" : "Health education - exercise"
        }]
      }
    }
  },
  {
    "fullUrl" : "https://mitre.org/fhir/space-health/ValueSet/SpaceflightStressFactors",
    "resource" : {
      "resourceType" : "ValueSet",
      "text" : {
        "status" : "generated",
        "div" : "<div xmlns=\"http://www.w3.org/1999/xhtml\"><p class=\"res-header-id\"><b>ValueSet </b></p><p style=\"border: black 1px dotted; background-color: #EEEEEE; padding: 8px; margin-bottom: 8px\">Expansion from tx.fhir.org based on SNOMED CT International edition 01-Feb 2025</p><p>This value set contains 23 concepts</p><table class=\"codes\"><tr><td style=\"white-space:nowrap\"><b>Code</b></td><td><b>System</b></td><td><b>Display (en-US)</b></td><td><b>Inactive</b></td></tr><tr><td style=\"white-space:nowrap\"><a name=\"x-http://snomed.info/sct-364565004\"> </a>\u00a0\u00a0<a href=\"http://snomed.info/id/364565004\">364565004</a></td><td>http://snomed.info/sct</td><td>Joint stress test response</td><td/></tr><tr><td style=\"white-space:nowrap\"><a name=\"x-http://snomed.info/sct-72353004\"> </a>\u00a0\u00a0<a href=\"http://snomed.info/id/72353004\">72353004</a></td><td>http://snomed.info/sct</td><td>Psychosocial procedure</td><td/></tr><tr><td style=\"white-space:nowrap\"><a name=\"x-http://snomed.info/sct-315722006\"> </a>\u00a0\u00a0<a href=\"http://snomed.info/id/315722006\">315722006</a></td><td>http://snomed.info/sct</td><td>[V]Isolation</td><td>inactive</td></tr><tr><td style=\"white-space:nowrap\"><a name=\"x-http://snomed.info/sct-278994005\"> </a>\u00a0\u00a0<a href=\"http://snomed.info/id/278994005\">278994005</a></td><td>http://snomed.info/sct</td><td>Hormonal</td><td/></tr><tr><td style=\"white-space:nowrap\"><a name=\"x-http://snomed.info/sct-258395000\"> </a>\u00a0\u00a0<a href=\"http://snomed.info/id/258395000\">258395000</a></td><td>http://snomed.info/sct</td><td>Levels</td><td/></tr><tr><td style=\"white-space:nowrap\"><a name=\"x-http://snomed.info/sct-158149000\"> </a>\u00a0\u00a0<a href=\"http://snomed.info/id/158149000\">158149000</a></td><td>http://snomed.info/sct</td><td>[D]Sleep disturbances (&amp; [hypersomnia] or [insomnia])</td><td>inactive</td></tr><tr><td style=\"white-space:nowrap\"><a name=\"x-http://snomed.info/sct-4452006\"> </a>\u00a0\u00a0<a href=\"http://snomed.info/id/4452006\">4452006</a></td><td>http://snomed.info/sct</td><td>Adaptation</td><td/></tr><tr><td style=\"white-space:nowrap\"><a name=\"x-http://snomed.info/sct-90780006\"> </a>\u00a0\u00a0<a href=\"http://snomed.info/id/90780006\">90780006</a></td><td>http://snomed.info/sct</td><td>Entire bone (organ)</td><td/></tr><tr><td style=\"white-space:nowrap\"><a name=\"x-http://snomed.info/sct-76746007\"> </a>\u00a0\u00a0<a href=\"http://snomed.info/id/76746007\">76746007</a></td><td>http://snomed.info/sct</td><td>Cardiovascular stress testing</td><td/></tr><tr><td style=\"white-space:nowrap\"><a name=\"x-http://snomed.info/sct-37523008\"> </a>\u00a0\u00a0<a href=\"http://snomed.info/id/37523008\">37523008</a></td><td>http://snomed.info/sct</td><td>Immunologic</td><td/></tr><tr><td style=\"white-space:nowrap\"><a name=\"x-http://snomed.info/sct-123036008\"> </a>\u00a0\u00a0<a href=\"http://snomed.info/id/123036008\">123036008</a></td><td>http://snomed.info/sct</td><td>Endocrine function</td><td/></tr><tr><td style=\"white-space:nowrap\"><a name=\"x-http://snomed.info/sct-128928004\"> </a>\u00a0\u00a0<a href=\"http://snomed.info/id/128928004\">128928004</a></td><td>http://snomed.info/sct</td><td>Neuroendocrine neoplasm</td><td/></tr><tr><td style=\"white-space:nowrap\"><a name=\"x-http://snomed.info/sct-30920001\"> </a>\u00a0\u00a0<a href=\"http://snomed.info/id/30920001\">30920001</a></td><td>http://snomed.info/sct</td><td>Circadian rhythm</td><td/></tr><tr><td style=\"white-space:nowrap\"><a name=\"x-http://snomed.info/sct-84229001\"> </a>\u00a0\u00a0<a href=\"http://snomed.info/id/84229001\">84229001</a></td><td>http://snomed.info/sct</td><td>Fatigue</td><td/></tr><tr><td style=\"white-space:nowrap\"><a name=\"x-http://snomed.info/sct-38237000\"> </a>\u00a0\u00a0<a href=\"http://snomed.info/id/38237000\">38237000</a></td><td>http://snomed.info/sct</td><td>Anxiety</td><td>inactive</td></tr><tr><td style=\"white-space:nowrap\"><a name=\"x-http://snomed.info/sct-35489007\"> </a>\u00a0\u00a0<a href=\"http://snomed.info/id/35489007\">35489007</a></td><td>http://snomed.info/sct</td><td>Depressive disorder</td><td/></tr><tr><td style=\"white-space:nowrap\"><a name=\"x-http://snomed.info/sct-288005\"> </a>\u00a0\u00a0<a href=\"http://snomed.info/id/288005\">288005</a></td><td>http://snomed.info/sct</td><td>Cognitive function finding</td><td>inactive</td></tr><tr><td style=\"white-space:nowrap\"><a name=\"x-http://snomed.info/sct-30910006\"> </a>\u00a0\u00a0<a href=\"http://snomed.info/id/30910006\">30910006</a></td><td>http://snomed.info/sct</td><td>Disorder of emotion</td><td>inactive</td></tr><tr><td style=\"white-space:nowrap\"><a name=\"x-http://snomed.info/sct-85256008\"> </a>\u00a0\u00a0<a href=\"http://snomed.info/id/85256008\">85256008</a></td><td>http://snomed.info/sct</td><td>Mood</td><td>inactive</td></tr><tr><td style=\"white-space:nowrap\"><a name=\"x-http://snomed.info/sct-271893008\"> </a>\u00a0\u00a0<a href=\"http://snomed.info/id/271893008\">271893008</a></td><td>http://snomed.info/sct</td><td>O/E - behavioral</td><td>inactive</td></tr><tr><td style=\"white-space:nowrap\"><a name=\"x-http://snomed.info/sct-227616006\"> </a>\u00a0\u00a0<a href=\"http://snomed.info/id/227616006\">227616006</a></td><td>http://snomed.info/sct</td><td>Mars bar</td><td>inactive</td></tr><tr><td style=\"white-space:nowrap\"><a name=\"x-http://snomed.info/sct-42341009\"> </a>\u00a0\u00a0<a href=\"http://snomed.info/id/42341009\">42341009</a></td><td>http://snomed.info/sct</td><td>Agnosia</td><td/></tr><tr><td style=\"white-space:nowrap\"><a name=\"x-http://snomed.info/sct-68130003\"> </a>\u00a0\u00a0<a href=\"http://snomed.info/id/68130003\">68130003</a></td><td>http://snomed.info/sct</td><td>Physical activity</td><td/></tr></table></div>"
      },
      "url" : "https://mitre.org/fhir/space-health/ValueSet/SpaceflightStressFactors",
      "version" : "0.3.0",
      "name" : "SpaceflightStressFactors",
      "title" : "Stress and Physiological Factors in Spaceflight Analog Missions",
      "status" : "draft",
      "date" : "2025-05-05T10:49:38-04:00",
      "expansion" : {
        "identifier" : "urn:uuid:f423149c-22cf-4005-b36c-28dcbf28d1a0",
        "timestamp" : "2025-05-05T10:51:52-04:00",
        "total" : 23,
        "offset" : 0,
        "parameter" : [{
          "name" : "displayLanguage",
          "valueCode" : "en-US"
        },
        {
          "name" : "count",
          "valueInteger" : 1000
        },
        {
          "name" : "offset",
          "valueInteger" : 0
        },
        {
          "name" : "excludeNested",
          "valueBoolean" : false
        },
        {
          "name" : "used-valueset",
          "valueUri" : "null"
        },
        {
          "name" : "used-codesystem",
          "valueUri" : "http://snomed.info/sct|http://snomed.info/sct/900000000000207008/version/20250201"
        },
        {
          "name" : "version",
          "valueUri" : "http://snomed.info/sct|http://snomed.info/sct/900000000000207008/version/20250201"
        }],
        "contains" : [{
          "system" : "http://snomed.info/sct",
          "code" : "364565004",
          "display" : "Joint stress test response"
        },
        {
          "system" : "http://snomed.info/sct",
          "code" : "72353004",
          "display" : "Psychosocial procedure"
        },
        {
          "system" : "http://snomed.info/sct",
          "inactive" : true,
          "code" : "315722006",
          "display" : "[V]Isolation"
        },
        {
          "system" : "http://snomed.info/sct",
          "code" : "278994005",
          "display" : "Hormonal"
        },
        {
          "system" : "http://snomed.info/sct",
          "code" : "258395000",
          "display" : "Levels"
        },
        {
          "system" : "http://snomed.info/sct",
          "inactive" : true,
          "code" : "158149000",
          "display" : "[D]Sleep disturbances (& [hypersomnia] or [insomnia])"
        },
        {
          "system" : "http://snomed.info/sct",
          "code" : "4452006",
          "display" : "Adaptation"
        },
        {
          "system" : "http://snomed.info/sct",
          "code" : "90780006",
          "display" : "Entire bone (organ)"
        },
        {
          "system" : "http://snomed.info/sct",
          "code" : "76746007",
          "display" : "Cardiovascular stress testing"
        },
        {
          "system" : "http://snomed.info/sct",
          "code" : "37523008",
          "display" : "Immunologic"
        },
        {
          "system" : "http://snomed.info/sct",
          "code" : "123036008",
          "display" : "Endocrine function"
        },
        {
          "system" : "http://snomed.info/sct",
          "code" : "128928004",
          "display" : "Neuroendocrine neoplasm"
        },
        {
          "system" : "http://snomed.info/sct",
          "code" : "30920001",
          "display" : "Circadian rhythm"
        },
        {
          "system" : "http://snomed.info/sct",
          "code" : "84229001",
          "display" : "Fatigue"
        },
        {
          "system" : "http://snomed.info/sct",
          "inactive" : true,
          "code" : "38237000",
          "display" : "Anxiety"
        },
        {
          "system" : "http://snomed.info/sct",
          "code" : "35489007",
          "display" : "Depressive disorder"
        },
        {
          "system" : "http://snomed.info/sct",
          "inactive" : true,
          "code" : "288005",
          "display" : "Cognitive function finding"
        },
        {
          "system" : "http://snomed.info/sct",
          "inactive" : true,
          "code" : "30910006",
          "display" : "Disorder of emotion"
        },
        {
          "system" : "http://snomed.info/sct",
          "inactive" : true,
          "code" : "85256008",
          "display" : "Mood"
        },
        {
          "system" : "http://snomed.info/sct",
          "inactive" : true,
          "code" : "271893008",
          "display" : "O/E - behavioral"
        },
        {
          "system" : "http://snomed.info/sct",
          "inactive" : true,
          "code" : "227616006",
          "display" : "Mars bar"
        },
        {
          "system" : "http://snomed.info/sct",
          "code" : "42341009",
          "display" : "Agnosia"
        },
        {
          "system" : "http://snomed.info/sct",
          "code" : "68130003",
          "display" : "Physical activity"
        }]
      }
    }
  }]
}