{"resourceType":"ConceptMap","id":"MapObservationToNorad","text":{"status":"generated","div":"<div xmlns=\"http://www.w3.org/1999/xhtml\"><p class=\"res-header-id\"><b>Generated Narrative: ConceptMap MapObservationToNorad</b></p><a name=\"MapObservationToNorad\"> </a><a name=\"hcMapObservationToNorad\"> </a><a name=\"MapObservationToNorad-en-US\"> </a><p>Mapping from (not specified) to (not specified)</p><br/></div>"},"url":"https://mitre.org/fhir/space-health/ConceptMap/MapObservationToNorad","version":"0.3.0","status":"active","date":"2025-05-05T10:49:38-04:00","publisher":"MITRE","contact":[{"name":"MITRE","telecom":[{"system":"url","value":"https://www.mitre.org/"}]}]}