{"resourceType":"ValueSet","id":"Muscle-Stiffness-and-Space-Health","text":{"status":"generated","div":"<div xmlns=\"http://www.w3.org/1999/xhtml\"><p class=\"res-header-id\"><b>Generated Narrative: ValueSet Muscle-Stiffness-and-Space-Health</b></p><a name=\"Muscle-Stiffness-and-Space-Health\"> </a><a name=\"hcMuscle-Stiffness-and-Space-Health\"> </a><a name=\"Muscle-Stiffness-and-Space-Health-en-US\"> </a><ul><li>Include these codes as defined in <a href=\"http://www.snomed.org/\"><code>http://snomed.info/sct</code></a><table class=\"none\"><tr><td style=\"white-space:nowrap\"><b>Code</b></td><td><b>Display</b></td></tr><tr><td><a href=\"http://snomed.info/id/16046003\">16046003</a></td><td>Muscle stiffness</td></tr><tr><td><a href=\"http://snomed.info/id/249919003\">249919003</a></td><td>Muscle stiffness</td></tr><tr><td><a href=\"http://snomed.info/id/162411004\">162411004</a></td><td>C/O: stiffness</td></tr><tr><td><a href=\"http://snomed.info/id/181696007\">181696007</a></td><td>Tibialis anterior</td></tr></table></li></ul></div>"},"url":"https://mitre.org/fhir/space-health/ValueSet/Muscle-Stiffness-and-Space-Health","version":"0.3.0","name":"Muscle_Stiffness_and_Space_Health","title":"Muscle Stiffness and Space Health ValueSet","status":"draft","date":"2025-05-05T10:49:38-04:00","publisher":"MITRE","contact":[{"name":"MITRE","telecom":[{"system":"url","value":"https://www.mitre.org/"}]}],"description":"This ValueSet includes SNOMED codes related to muscle stiffness and health in the context of spaceflight and Earth-based applications, filtered by a similarity threshold greater than 0.5.","compose":{"include":[{"system":"http://snomed.info/sct","concept":[{"code":"16046003","display":"Muscle stiffness"},{"code":"249919003","display":"Muscle stiffness"},{"code":"162411004","display":"C/O: stiffness"},{"code":"181696007","display":"Tibialis anterior"}]}]}}