{
  "resourceType" : "Device",
  "id" : "DeviceFlightRecorder",
  "meta" : {
    "profile" : ["https://mitre.org/fhir/space-health/StructureDefinition/SpaceEquipment"]
  },
  "text" : {
    "status" : "generated",
    "div" : "<div xmlns=\"http://www.w3.org/1999/xhtml\"><p class=\"res-header-id\"><b>Generated Narrative: Device DeviceFlightRecorder</b></p><a name=\"DeviceFlightRecorder\"> </a><a name=\"hcDeviceFlightRecorder\"> </a><a name=\"DeviceFlightRecorder-en-US\"> </a><div style=\"display: inline-block; background-color: #d9e0e7; padding: 6px; margin: 4px; border: 1px solid #8da1b4; border-radius: 5px; line-height: 60%\"><p style=\"margin-bottom: 0px\"/><p style=\"margin-bottom: 0px\">Profile: <a href=\"StructureDefinition-SpaceEquipment.html\">Commercial Space Equipment</a></p></div><p><b>status</b>: Active</p><p><b>manufacturer</b>: </p><h3>DeviceNames</h3><table class=\"grid\"><tr><td style=\"display: none\">-</td><td><b>Name</b></td><td><b>Type</b></td></tr><tr><td style=\"display: none\">*</td><td>Device - Flight Recorder (FHIR)</td><td>User Friendly name</td></tr></table><p><b>partNumber</b>: Flight Recorder</p></div>"
  },
  "status" : "active",
  "manufacturer" : "",
  "deviceName" : [{
    "name" : "Device - Flight Recorder (FHIR)",
    "type" : "user-friendly-name"
  }],
  "partNumber" : "Flight Recorder"
}