{
  "resourceType" : "ExampleScenario",
  "id" : "ScenarioLunarGateway",
  "text" : {
    "status" : "generated",
    "div" : "<div xmlns=\"http://www.w3.org/1999/xhtml\"><p class=\"res-header-id\"><b>Generated Narrative: ExampleScenario ScenarioLunarGateway</b></p><a name=\"ScenarioLunarGateway\"> </a><a name=\"hcScenarioLunarGateway\"> </a><a name=\"ScenarioLunarGateway-en-US\"> </a><p><b>url</b>: <a href=\"ExampleScenario-ScenarioLunarGateway.html\">ScenarioLunarGateway</a></p><p><b>version</b>: 0.3.0</p><p><b>status</b>: Active</p><p><b>date</b>: 2025-05-05 10:49:38-0400</p><p><b>publisher</b>: MITRE</p><p><b>contact</b>: MITRE: <a href=\"https://www.mitre.org/\">https://www.mitre.org/</a></p></div>"
  },
  "url" : "https://mitre.org/fhir/space-health/ExampleScenario/ScenarioLunarGateway",
  "version" : "0.3.0",
  "status" : "active",
  "date" : "2025-05-05T10:49:38-04:00",
  "publisher" : "MITRE",
  "contact" : [{
    "name" : "MITRE",
    "telecom" : [{
      "system" : "url",
      "value" : "https://www.mitre.org/"
    }]
  }]
}