<?xml version="1.0" encoding="UTF-8"?>

<Procedure xmlns="http://hl7.org/fhir">
  <id value="ProcedureCompression"/>
  <meta>
    <profile value="https://mitre.org/fhir/space-health/StructureDefinition/SpaceProcedure"/>
  </meta>
  <text>
    <status value="generated"/><div xmlns="http://www.w3.org/1999/xhtml"><p class="res-header-id"><b>Generated Narrative: Procedure ProcedureCompression</b></p><a name="ProcedureCompression"> </a><a name="hcProcedureCompression"> </a><a name="ProcedureCompression-en-US"> </a><div style="display: inline-block; background-color: #d9e0e7; padding: 6px; margin: 4px; border: 1px solid #8da1b4; border-radius: 5px; line-height: 60%"><p style="margin-bottom: 0px"/><p style="margin-bottom: 0px">Profile: <a href="StructureDefinition-SpaceProcedure.html">Space Health Procedure</a></p></div><p><b>status</b>: Completed</p><p><b>code</b>: <span title="Codes:{http://snomed.info/sct 281613004}">Compression (procedure)</span></p><p><b>subject</b>: <a href="Patient-spaceminer1.html">Space Miner</a></p></div>
  </text>
  <status value="completed"/>
  <code>
    <coding>
      <system value="http://snomed.info/sct"/>
      <code value="281613004"/>
      <display value="Compression (procedure)"/>
    </coding>
  </code>
  <subject>
    <reference value="Patient/spaceminer1"/>
    <display value="Space Miner"/>
  </subject>
</Procedure>