{
  "resourceType" : "Patient",
  "id" : "space-construction-engineer-1",
  "meta" : {
    "profile" : ["https://mitre.org/fhir/space-health/StructureDefinition/Astronaut"]
  },
  "text" : {
    "status" : "generated",
    "div" : "<div xmlns=\"http://www.w3.org/1999/xhtml\"><p class=\"res-header-id\"><b>Generated Narrative: Patient space-construction-engineer-1</b></p><a name=\"space-construction-engineer-1\"> </a><a name=\"hcspace-construction-engineer-1\"> </a><a name=\"space-construction-engineer-1-en-US\"> </a><div style=\"display: inline-block; background-color: #d9e0e7; padding: 6px; margin: 4px; border: 1px solid #8da1b4; border-radius: 5px; line-height: 60%\"><p style=\"margin-bottom: 0px\"/><p style=\"margin-bottom: 0px\">Profile: <a href=\"StructureDefinition-Astronaut.html\">Astronaut</a></p></div><p style=\"border: 1px #661aff solid; background-color: #e6e6ff; padding: 10px;\">Space Constructioneer  (no stated gender), DoB Unknown</p><hr/></div>"
  },
  "name" : [{
    "family" : "Constructioneer",
    "given" : ["Space"]
  }]
}